ID	Toehold_MFE	Trigger_MFE	Toehold_trigger_MFE	Match_pct	Toehold_sequence	Toehold_structure	Total_GC_hairpin	Total_positions_hairpin	GC_content_hairpin	GC_strong	GC_weak
S1A_4	-20.5	-17.8	-67.581	100.0	GGGAAUUGAUAUUGUGAUUAUGUGAUGAUUGUAAACAGAGGAGAUACAAUAUGCACAUAAUCAACCUGGCGGCAGCGCAAAAGAUGCGUAAA	..............((((((((((...((((((...........))))))...))))))))))..(((....)))((((.....))))....	4	16	0.25	1	0
S1A_10	-22.7	-15.9	-66.281	100.0	GGGAAUUGAUAUUGUUCGUUUCGUAUGAUCUAAGACAGAGGAGAUUAGAUAUGACGAAACGAAACCUGGCGGCAGCGCAAAAGAUGCGUAAA	..............((((((((((...((((((...........))))))...))))))))))..(((....)))((((.....))))....	5	16	0.3125	2	1
S1A_14	-21.6	-17.8	-70.381	100.0	GGGAAUUGAUAUUGUAGUAUGUUGAAGUGAUUGAACAGAGGAGACAAUCAAUGCAACAUACUAACCUGGCGGCAGCGCAAAAGAUGCGUAAA	..............((((((((((...((((((...........))))))...))))))))))..(((....)))((((.....))))....	5	16	0.3125	1	1
S1A_42	-20.8	-17.8	-72.781	100.0	GGGAAUUGAUAUUGUUAGUGUUAUAGGCGUUAGAACAGAGGAGACUAACGAUGAUAACACUAAACCUGGCGGCAGCGCAAAAGAUGCGUAAA	..............((((((((((...((((((...........))))))...))))))))))..(((....)))((((.....))))....	5	16	0.3125	2	2
S1A_46	-24.3	-19.4	-77.881	100.0	GGGAAUUGAUAUUGUGCUGUUUAUGUGCGUUCGGACAGAGGAGACGAACGAUGAUAAACAGCAACCUGGCGGCAGCGCAAAAGAUGCGUAAA	..............((((((((((...((((((...........))))))...))))))))))..(((....)))((((.....))))....	7	16	0.4375	3	1
S1A_48	-26.0	-18.7	-79.881	100.0	GGGCUCAUUAUCUAUAGUUCGUCGAGGGUCUUAAGCAGAGGAGAUAAGACAUGCGACGAACUAACCUGGCGGCAGCGCAAAAGAUGCGUAAA	..(((..(......((((((((((...((((((...........))))))...))))))))))....)..)))..((((.....))))....	9	20	0.45	1	4
S1A_55	-27.6	-20.7	-81.681	100.0	GGGAAUGAUAUGUGUAGUUCGUCGAGGUGUCCAAGCAGAGGAGAUGGACAAUGCGACGAACUAACCUGGCGGCAGCGCAAAAGAUGCGUAAA	..(..((.((.((.((((((((((...((((((...........))))))...)))))))))))).)).)).)..((((.....))))....	11	23	0.4782608695652174	1	3
S1A_56	-28.5	-20.7	-81.881	100.0	GGGAUAAUGUAAGUAAGUUCGUCGAGGUGUCCAAGCAGAGGAGAUGGACAAUGCGACGAACUAACCUGGCGGCAGCGCAAAAGAUGCGUAAA	........((..((.(((((((((...((((((...........))))))...))))))))).))...)).....((((.....))))....	10	19	0.5263157894736842	1	3
S1A_59	-23.5	-17.8	-69.681	100.0	GGGAAUUGAUAUUGUUAGUAGUGUAUGAUUCGGAACAGAGGAGACCGAAUAUGACACUACUAAACCUGGCGGCAGCGCAAAAGAUGCGUAAA	..............((((((((((...((((((...........))))))...))))))))))..(((....)))((((.....))))....	6	16	0.375	1	2
S1A_63	-25.1	-17.8	-74.381	100.0	GGGAAUUGAUAUUGUAGGUUUCUGAUGCGCUUAAACAGAGGAGAUAAGCGAUGCAGAAACCUAACCUGGCGGCAGCGCAAAAGAUGCGUAAA	..............((((((((((...((((((...........))))))...))))))))))..(((....)))((((.....))))....	7	16	0.4375	3	1
S1A_64	-24.1	-19.0	-78.181	100.0	GGGUACAAGAUAUAGAGUUCGUCGAGGCUUAGAAGCAGAGGAGAUCUAAGAUGCGACGAACUAACCUGGCGGCAGCGCAAAAGAUGCGUAAA	...............(((((((((...((((((...........))))))...)))))))))..((....))...((((.....))))....	7	15	0.4666666666666667	0	4
S1A_68	-28.5	-20.7	-79.581	100.0	GGGAAUGUAUGUAAUAGUUCGUCGAGGUGUCCAAGCAGAGGAGAUGGACAAUGCGACGAACUAACCUGGCGGCAGCGCAAAAGAUGCGUAAA	..(..(((..((..((((((((((...((((((...........))))))...))))))))))))...))).)..((((.....))))....	11	22	0.5	1	3
S1A_70	-27.1	-17.8	-74.98100000000001	100.0	GGGAAUUGAUAUUGUAGUAGUUGUAUGUGCGCGAACAGAGGAGACGCGCAAUGACAACUACUAACCUGGCGGCAGCGCAAAAGAUGCGUAAA	..............((((((((((...((((((...........))))))...))))))))))..(((....)))((((.....))))....	8	16	0.5	2	2
S1A_72	-30.4	-19.9	-81.581	100.0	GGGACGCUUAUACUGAGUUCGUCGAGGGUUCUGAGCAGAGGAGACAGAACAUGCGACGAACUAACCUGGCGGCAGCGCAAAAGAUGCGUAAA	....((((.......(((((((((...((((((..(....)...))))))...))))))))).....))))....((((.....))))....	12	20	0.6	0	4
S1A_88	-25.3	-14.9	-69.381	100.0	GGGAAUUGAUAUUGUGCUAGUGUUAUGAUUCUGGACAGAGGAGACAGAAUAUGAACACUAGCAACCUGGCGGCAGCGCAAAAGAUGCGUAAA	..............((((((((((...((((((...........))))))...))))))))))..(((....)))((((.....))))....	6	16	0.375	1	1
S1A_101	-29.0	-16.5	-75.881	100.0	GGGUUAUUCCUGUAUAGUUCGUCGAGGUGUCCAAGCAGAGGAGAUGGACAAUGCGACGAACUAACCUGGCGGCAGCGCAAAAGAUGCGUAAA	(((....)))....((((((((((...((((((...........))))))...))))))))))..(((....)))((((.....))))....	3	3	1.0	0	0
S1A_112	-26.0	-17.8	-78.281	100.0	GGGAUCUUGUAUUGUAGUUCGUCGAGGGUAUGAAGCAGAGGAGAUCAUACAUGCGACGAACUAACCUGGCGGCAGCGCAAAAGAUGCGUAAA	....(.((((....((((((((((...((((((...........))))))...)))))))))).....)))).).((((.....))))....	8	21	0.38095238095238093	0	4
S1A_117	-31.8	-19.5	-84.281	100.0	GGGUCAAUAAGGCGGAGUUCGUCGAGGUGCCUGAGCAGAGGAGACAGGCAAUGCGACGAACUAACCUGGCGGCAGCGCAAAAGAUGCGUAAA	..(((....(((...(((((((((...((((((..(....)...))))))...)))))))))..)))...)))..((((.....))))....	14	22	0.6363636363636364	2	3
S1A_121	-22.3	-17.8	-68.48100000000001	100.0	GGGAAUUGAUAUUGUAAGUGAUGUAUGUUGAUGAACAGAGGAGACAUCAAAUGACAUCACUUAACCUGGCGGCAGCGCAAAAGAUGCGUAAA	..............((((((((((...((((((...........))))))...))))))))))..(((....)))((((.....))))....	5	16	0.3125	2	2
S1A_124	-29.3	-20.8	-80.48100000000001	100.0	GGGCAAUUGUAAUGUAGUUCGUCGAGGUGUCCAAGCAGAGGAGAUGGACAAUGCGACGAACUAACCUGGCGGCAGCGCAAAAGAUGCGUAAA	..((...(((....((((((((((...((((((...........))))))...)))))))))).....)))))..((((.....))))....	11	21	0.5238095238095238	1	3
S1A_134	-26.6	-16.7	-70.98100000000001	100.0	GGGAAUUGAUAUUGUUCGUAUGUUAUGUCGCCGAACAGAGGAGACGGCGAAUGAACAUACGAAACCUGGCGGCAGCGCAAAAGAUGCGUAAA	..............((((((((((...((((((...........))))))...))))))))))..(((....)))((((.....))))....	8	16	0.5	3	0
S1A_145	-25.1	-17.8	-78.48100000000001	100.0	GGGAAUUGAUAUUGUGAAGUUAGGAUGGUAGUGAACAGAGGAGACACUACAUGCCUAACUUCAACCUGGCGGCAGCGCAAAAGAUGCGUAAA	..............((((((((((...((((((...........))))))...))))))))))..(((....)))((((.....))))....	7	16	0.4375	2	2
S1A_151	-28.5	-16.1	-76.181	100.0	GGGUAUCCUUAUUCUAGUUCGUCGAGGUGUCCAAGCAGAGGAGAUGGACAAUGCGACGAACUAACCUGGCGGCAGCGCAAAAGAUGCGUAAA	..((..((......((((((((((...((((((...........))))))...))))))))))....))..))..((((.....))))....	11	20	0.55	1	3
S1A_159	-27.3	-15.8	-75.581	100.0	GGGCGUAUAUCAUUAAGUUCGUCGAGGUCCGUGAGCAGAGGAGACACGGAAUGCGACGAACUAACCUGGCGGCAGCGCAAAAGAUGCGUAAA	...............(((((((((...((((((..(....)...))))))...)))))))))..((....))...((((.....))))....	10	16	0.625	2	3
S1B_1	-23.4	-19.6	-75.681	100.0	GGGUGAAUGAAUUGUAGGCUUGUUAUAGUUAUGAACAGAGGAGACAUAACAUGAACAAGCCUAACCUGGCGGCAGCGCAAAAGAUGCGUAAA	...((..((.....((((((((((...((((((...........))))))...))))))))))......)).)).((((.....))))....	8	20	0.4	2	1
S1B_2	-26.1	-16.0	-76.181	100.0	GGGUAUAAGUAAAUCGCUUGCUGUAUGUCGUUAAACAGAGGAGAUAACGAAUGACAGCAAGCAACCUGGCGGCAGCGCAAAAGAUGCGUAAA	...............(((((((((...((((((...........))))))...)))))))))..((....))...((((.....))))....	7	15	0.4666666666666667	3	3
S1B_3	-23.0	-15.3	-75.881	100.0	GGGUGAUGGAAUAAGGCUGUGUAUAUGAUGUUAGACAGAGGAGAUAACAUAUGAUACACAGCAACCUGGCGGCAGCGCAAAAGAUGCGUAAA	...............(((((((((...((((((...........))))))...)))))))))..((....))...((((.....))))....	5	15	0.3333333333333333	3	1
S1B_5	-26.7	-13.3	-70.98100000000001	100.0	GGGUAGAUAUUGAAUGCUGCUGUUAUGUCGUUAAACAGAGGAGAUAACGAAUGAACAGCAGCAACCUGGCGGCAGCGCAAAAGAUGCGUAAA	..............((((((((((...((((((...........))))))...))))))))))..(((....)))((((.....))))....	7	16	0.4375	4	1
S1B_6	-24.1	-19.0	-81.081	100.0	GGGAUAAGUAGAUAAGAUUGUUAGAUGGCUUCGAACAGAGGAGACGAAGCAUGCUAACAAUCAACCUGGCGGCAGCGCAAAAGAUGCGUAAA	...............(((((((((...((((((...........))))))...)))))))))..((....))...((((.....))))....	7	15	0.4666666666666667	2	2
S1B_7	-24.7	-16.0	-68.681	100.0	GGGAUCACUUAUUGUCGUCUUUGUAUGUCUGUAAACAGAGGAGAUACAGAAUGACAAAGACGAACCUGGCGGCAGCGCAAAAGAUGCGUAAA	..............((((((((((...((((((...........))))))...))))))))))..(((....)))((((.....))))....	6	16	0.375	3	1
S1B_8	-22.5	-23.1	-75.98100000000001	100.0	GGGACAAAGAUUGGUCGUUUCAUUACCGUUAGAAACAGAGGAGAUCUAACAUGAAUGAAACGAACCUGGCGGCAGCGCAAAAGAUGCGUAAA	........(...((((((((((((...((((((...........))))))...))))))))).)))...).....((((.....))))....	8	19	0.42105263157894735	1	2
S1B_9	-23.1	-16.3	-75.281	100.0	GGGCGAAAGUGUAUGGCUGAUAUGAUGUAGUUAAACAGAGGAGAUAACUAAUGCAUAUCAGCAACCUGGCGGCAGCGCAAAAGAUGCGUAAA	...((..((.((...(((((((((...((((((...........))))))...))))))))).))))..))....((((.....))))....	9	21	0.42857142857142855	3	0
S1B_11	-22.8	-17.1	-73.081	100.0	GGGUAAGAUUUGAUGGCUAUUUGUACGUGUUCGAACAGAGGAGACGAACAAUGACAAAUAGCAACCUGGCGGCAGCGCAAAAGAUGCGUAAA	...............(((((((((...((((((...........))))))...)))))))))..((....))...((((.....))))....	6	15	0.4	2	1
S1B_12	-24.3	-18.0	-78.881	100.0	GGGAAUUGGAUGAAGGCGGUAAGUAUGAUUGUAGACAGAGGAGAUACAAUAUGACUUACCGCAACCUGGCGGCAGCGCAAAAGAUGCGUAAA	...............(((((((((...((((((...........))))))...)))))))))..((....))...((((.....))))....	6	15	0.4	3	1
S1B_13	-22.8	-13.7	-70.281	100.0	GGGUAGAAUUUGAUACUUGAUUUGAUGGCUUGAAACAGAGGAGAUCAAGCAUGCAAAUCAAGAACCUGGCGGCAGCGCAAAAGAUGCGUAAA	...............(((((((((...((((((...........))))))...)))))))))..((....))...((((.....))))....	6	15	0.4	3	1
S1B_15	-25.4	-15.7	-72.98100000000001	100.0	GGGCGUUAUACUUUGUCGUUCUGCGUGUCGUUAAACAGAGGAGAUAACGAAUGGCAGAACGAAACCUGGCGGCAGCGCAAAAGAUGCGUAAA	...(((((.......(((((((((...((((((...........))))))...)))))))))....)))))....((((.....))))....	9	20	0.45	3	2
S1B_16	-21.1	-16.8	-73.081	100.0	GGGUAAGAAUGAUAAAGGUAAGUAGUGAGUUGAAACAGAGGAGAUCAACUAUGUACUUACCUAACCUGGCGGCAGCGCAAAAGAUGCGUAAA	...............(((((((((...((((((...........))))))...)))))))))..((....))...((((.....))))....	5	15	0.3333333333333333	2	0
S1B_17	-28.1	-20.0	-89.281	100.0	GGGCGAUAAAGACUGAGGCUGGGUAUGGUUAGAAACAGAGGAGAUCUAACAUGACCCAGCCUAACCUGGCGGCAGCGCAAAAGAUGCGUAAA	..((.....((....(((((((((...((((((...........))))))...)))))))))...))....))..((((.....))))....	11	19	0.5789473684210527	2	3
S1B_18	-22.0	-12.5	-66.98100000000001	100.0	GGGAUAGAUGAUUGUGCUUAGUUUAUGAUUCUGAACAGAGGAGACAGAAUAUGAAACUAAGCAACCUGGCGGCAGCGCAAAAGAUGCGUAAA	..............((((((((((...((((((...........))))))...))))))))))..(((....)))((((.....))))....	5	16	0.3125	1	1
S1B_19	-22.1	-16.7	-74.281	100.0	GGGAUAAUGAUGAUGAGUAUGUUGAAGGUGUAAGACAGAGGAGAUUACACAUGCAACAUACUAACCUGGCGGCAGCGCAAAAGAUGCGUAAA	...............(((((((((...((((((...........))))))...)))))))))..((....))...((((.....))))....	5	15	0.3333333333333333	1	2
S1B_20	-25.4	-15.3	-76.781	100.0	GGGCGUUAAUCUCUGGCUUGCUUUAUGUCUGUAAACAGAGGAGAUACAGAAUGAAAGCAAGCAACCUGGCGGCAGCGCAAAAGAUGCGUAAA	...(((((.......(((((((((...((((((...........))))))...)))))))))....)))))....((((.....))))....	8	20	0.4	2	2
S1B_21	-23.0	-18.1	-78.581	100.0	GGGUAAAGAUGAAACGCGUGAAUGAUAGUAUUGAACAGAGGAGACAAUACAUGCAUUCACGCAACCUGGCGGCAGCGCAAAAGAUGCGUAAA	...............(((((((((...((((((...........))))))...)))))))))..((....))...((((.....))))....	7	15	0.4666666666666667	2	2
S1B_22	-25.4	-17.8	-75.581	100.0	GGGCAUUAAGAUUGUACUUGUAAGAUCGUGUCGAACAGAGGAGACGACACAUGCUUACAAGUAACCUGGCGGCAGCGCAAAAGAUGCGUAAA	..((....((....((((((((((...((((((...........))))))...))))))))))..))....))..((((.....))))....	10	20	0.5	1	2
S1B_23	-22.8	-20.4	-75.381	100.0	GGGUAUGAAUUGAUGUCGAUUGUUAUGUCUUGAGACAGAGGAGAUCAAGAAUGAACAAUCGAAACCUGGCGGCAGCGCAAAAGAUGCGUAAA	...............(((((((((...((((((...........))))))...)))))))))..((....))...((((.....))))....	5	15	0.3333333333333333	2	0
S1B_24	-25.4	-21.8	-82.681	100.0	GGGUAAAGAUGAGAACGCUUGUGAAUGAUGUGAAACAGAGGAGAUCACAUAUGUCACAAGCGAACCUGGCGGCAGCGCAAAAGAUGCGUAAA	...............(((((((((...((((((...........))))))...)))))))))..((....))...((((.....))))....	7	15	0.4666666666666667	3	2
S1B_25	-25.1	-20.1	-85.181	100.0	GGGUGAUAGAUGAAGGCAGGCGUUAUAGUUUAGAACAGAGGAGACUAAACAUGAACGCCUGCAACCUGGCGGCAGCGCAAAAGAUGCGUAAA	...............(((((((((...((((((...........))))))...)))))))))..((....))...((((.....))))....	8	15	0.5333333333333333	2	3
S1B_26	-26.3	-13.3	-71.581	100.0	GGGUAAGUAAUGAAGUCUAAGUGUAUCGUGUCGGACAGAGGAGACGACACAUGACACUUAGAAACCUGGCGGCAGCGCAAAAGAUGCGUAAA	..((..((.......(((((((((...((((((...........))))))...)))))))))......)).))..((((.....))))....	9	19	0.47368421052631576	1	3
S1B_27	-19.9	-15.2	-70.881	100.0	GGGAUAGAAUUAGAAAUGAAAUAGAUGGUUACGAACAGAGGAGACGUAACAUGCUAUUUCAUAACCUGGCGGCAGCGCAAAAGAUGCGUAAA	...............(((((((((...((((((...........))))))...)))))))))..((....))...((((.....))))....	5	15	0.3333333333333333	1	1
S1B_28	-26.2	-14.9	-66.781	100.0	GGGAUAGAAAUUGAUCGUUAGUUUAUGUUGCCGGACAGAGGAGACGGCAAAUGAAACUAACGAACCUGGCGGCAGCGCAAAAGAUGCGUAAA	..............((((((((((...((((((...........))))))...))))))))))..(((....)))((((.....))))....	7	16	0.4375	2	1
S1B_29	-23.2	-18.1	-75.681	100.0	GGGAGUUUGAAUAUGGCGAAAUGAAUGCUUUGAAACAGAGGAGAUCAAAGAUGUCAUUUCGCAACCUGGCGGCAGCGCAAAAGAUGCGUAAA	...............(((((((((...((((((...........))))))...)))))))))..((....))...((((.....))))....	6	15	0.4	2	2
S1B_30	-24.4	-18.3	-74.581	100.0	GGGUAAAGAUGAUAAGAUGUGAGUAAGGUAGUAAACAGAGGAGAUACUACAUGACUCACAUCAACCUGGCGGCAGCGCAAAAGAUGCGUAAA	...............(((((((((...((((((...........))))))...)))))))))..((....))...((((.....))))....	6	15	0.4	2	3
S1B_31	-22.8	-15.8	-68.681	100.0	GGGAUCUAAAUGUAUUCGUUCGUUAUGGUAUUGAACAGAGGAGACAAUACAUGAACGAACGAAACCUGGCGGCAGCGCAAAAGAUGCGUAAA	..............((((((((((...((((((...........))))))...))))))))))..(((....)))((((.....))))....	6	16	0.375	1	2
S1B_32	-22.4	-17.3	-68.581	100.0	GGGUCAAUUUCGUAUUAGUAUGUUAUGGUUCUGAACAGAGGAGACAGAACAUGAACAUACUAAACCUGGCGGCAGCGCAAAAGAUGCGUAAA	..((((.....((.((((((((((...((((((...........))))))...)))))))))))).)))).....((((.....))))....	8	22	0.36363636363636365	1	1
S1B_33	-21.5	-18.5	-77.781	100.0	GGGAAUUUGGAAGUAGAGUAGUAGAUAGUUAUGAACAGAGGAGACAUAACAUGCUACUACUCAACCUGGCGGCAGCGCAAAAGAUGCGUAAA	............((.(((((((((...((((((...........))))))...))))))))).))..........((((.....))))....	7	17	0.4117647058823529	2	2
S1B_34	-21.5	-19.0	-72.281	100.0	GGGAGUAAUGAUGAUAUAGUUUGAAUGUAGUGAAACAGAGGAGAUCACUAAUGUCAAACUAUAACCUGGCGGCAGCGCAAAAGAUGCGUAAA	..............((((((((((...((((((...........))))))...))))))))))..(((....)))((((.....))))....	4	16	0.25	2	1
S1B_35	-24.9	-17.5	-78.081	100.0	GGGAUAAUGGAGAUGGAGUAGGGUAUGAUUGUAGACAGAGGAGAUACAAUAUGACCCUACUCAACCUGGCGGCAGCGCAAAAGAUGCGUAAA	...............(((((((((...((((((...........))))))...)))))))))..((....))...((((.....))))....	6	15	0.4	2	2
S1B_36	-21.6	-18.3	-79.98100000000001	100.0	GGGAUGAAUAUGGACAGUUGAGUAGUGAUGUGAAACAGAGGAGAUCACAUAUGUACUCAACUAACCUGGCGGCAGCGCAAAAGAUGCGUAAA	....((.....((..(((((((((...((((((...........))))))...)))))))))..))......)).((((.....))))....	8	19	0.42105263157894735	1	1
S1B_37	-22.6	-21.2	-81.581	100.0	GGGAUGGAGAUUGAUUAUGAUUGGAUGUGCUUAAACAGAGGAGAUAAGCAAUGCCAAUCAUAAACCUGGCGGCAGCGCAAAAGAUGCGUAAA	..............((((((((((...((((((...........))))))...))))))))))..(((....)))((((.....))))....	5	16	0.3125	3	1
S1B_38	-24.5	-18.2	-77.181	100.0	GGGAGUAAGAAUUGUGAUAAAGUAAUGUGCGUGAACAGAGGAGACACGCAAUGUACUUUAUCAACCUGGCGGCAGCGCAAAAGAUGCGUAAA	....((.((.....((((((((((...((((((...........))))))...))))))))))..)).)).....((((.....))))....	8	20	0.4	3	0
S1B_39	-21.0	-18.7	-72.681	100.0	GGGUAAGAUGAUAAGAGUAUAGAUAUGUUGAUGGACAGAGGAGACAUCAAAUGAUCUAUACUAACCUGGCGGCAGCGCAAAAGAUGCGUAAA	...............(((((((((...((((((...........))))))...)))))))))..((....))...((((.....))))....	4	15	0.26666666666666666	1	0
S1B_40	-22.2	-15.0	-68.181	100.0	GGGAUAUGAUGAUGAACCUUUGAUAUGGAUUUGGACAGAGGAGACAAAUCAUGAUCAAAGGUAACCUGGCGGCAGCGCAAAAGAUGCGUAAA	...............(((((((((...((((((...........))))))...)))))))))..((....))...((((.....))))....	5	15	0.3333333333333333	1	1
S1B_41	-24.6	-13.7	-70.081	100.0	GGGAAUAGUAAAUGUCGAUGUGCUGUGUAGUUAAACAGAGGAGAUAACUAAUGAGCACAUCGAACCUGGCGGCAGCGCAAAAGAUGCGUAAA	.......((.....((((((((((...((((((...........))))))...)))))))))).....)).....((((.....))))....	7	18	0.3888888888888889	2	2
S1B_43	-21.7	-12.6	-65.281	100.0	GGGUCAAGAUGUAUAGAUUAGUGUAUGUUAGUGAACAGAGGAGACACUAAAUGACACUAAUCAACCUGGCGGCAGCGCAAAAGAUGCGUAAA	..((((....((...(((((((((...((((((...........))))))...))))))))).)).)))).....((((.....))))....	8	21	0.38095238095238093	1	2
S1B_44	-22.0	-17.1	-72.381	100.0	GGGAAUGAAAUGAGACCGAAUUGAAUGAUGUUAGACAGAGGAGAUAACAUAUGUCAAUUCGGAACCUGGCGGCAGCGCAAAAGAUGCGUAAA	...............(((((((((...((((((...........))))))...)))))))))..((....))...((((.....))))....	5	15	0.3333333333333333	3	1
S1B_45	-28.2	-14.2	-72.381	100.0	GGGAUAGAGACGAAAGCUAAGUGUAUGUGUCGGGACAGAGGAGACCGACAAUGACACUUAGCAACCUGGCGGCAGCGCAAAAGAUGCGUAAA	...............(((((((((...((((((...........))))))...)))))))))..((....))...((((.....))))....	8	15	0.5333333333333333	2	2
S1B_47	-26.4	-17.9	-80.081	100.0	GGGAGUAUGAUAUGAGAGUGUGCGAUGAUUCUGAACAGAGGAGACAGAAUAUGCGCACACUCAACCUGGCGGCAGCGCAAAAGAUGCGUAAA	...............(((((((((...((((((...........))))))...)))))))))..((....))...((((.....))))....	8	15	0.5333333333333333	2	2
S1B_49	-24.8	-17.4	-82.081	100.0	GGGAUGAUGAGAUGAGAGUGUAGGAUGAGUUAGAACAGAGGAGACUAACUAUGCCUACACUCAACCUGGCGGCAGCGCAAAAGAUGCGUAAA	...............(((((((((...((((((...........))))))...)))))))))..((....))...((((.....))))....	7	15	0.4666666666666667	3	2
S1B_50	-24.6	-20.2	-78.781	100.0	GGGAUGGAAUUGAAUCUUGUCUUGAGGUGCUUAAACAGAGGAGAUAAGCAAUGCAAGACAAGAACCUGGCGGCAGCGCAAAAGAUGCGUAAA	..............((((((((((...((((((...........))))))...))))))))))..(((....)))((((.....))))....	6	16	0.375	4	1
S1B_51	-24.0	-19.5	-74.381	100.0	GGGUAAGAUGAUAUGACUGUGAUUAUGGAUUCGGACAGAGGAGACGAAUCAUGAAUCACAGUAACCUGGCGGCAGCGCAAAAGAUGCGUAAA	...............(((((((((...((((((...........))))))...)))))))))..((....))...((((.....))))....	6	15	0.4	1	2
S1B_52	-27.1	-19.4	-76.48100000000001	100.0	GGGCAUUACUUUAUCUCGUGCCUUAUGUUGCUGAACAGAGGAGACAGCAAAUGAAGGCACGAAACCUGGCGGCAGCGCAAAAGAUGCGUAAA	..((....((.....(((((((((...((((((...........))))))...))))))))).....))..))..((((.....))))....	11	19	0.5789473684210527	2	2
S1B_53	-24.3	-16.6	-71.98100000000001	100.0	GGGAUUGAUACUUUAGACUUGAUUACGUGUUCGGACAGAGGAGACGAACAAUGAAUCAAGUCAACCUGGCGGCAGCGCAAAAGAUGCGUAAA	...............(((((((((...((((((...........))))))...)))))))))..((....))...((((.....))))....	6	15	0.4	3	1
S1B_54	-22.7	-17.6	-72.181	100.0	GGGAUGGAGGCGGAAAUUGUUAGUAUGCCGUUAGACAGAGGAGAUAACGGAUGACUAACAAUAACCUGGCGGCAGCGCAAAAGAUGCGUAAA	.........((((..(((((((((...((((((...........))))))...)))))))))..))..)).....((((.....))))....	9	19	0.47368421052631576	3	2
S1B_57	-24.5	-17.1	-78.781	100.0	GGGAUAUACUUAAGACUGUGAUUGAUGCUGUGAAACAGAGGAGAUCACAGAUGCAAUCACAGAACCUGGCGGCAGCGCAAAAGAUGCGUAAA	...............(((((((((...((((((...........))))))...)))))))))..((....))...((((.....))))....	7	15	0.4666666666666667	3	2
S1B_58	-25.3	-14.3	-70.681	100.0	GGGUAAGAUUUGUAUAGGUAGUAGAAGUUGUCAGACAGAGGAGAUGACAAAUGCUACUACCUAACCUGGCGGCAGCGCAAAAGAUGCGUAAA	..............((((((((((...((((((...........))))))...))))))))))..(((....)))((((.....))))....	6	16	0.375	2	1
S1B_60	-25.2	-14.6	-70.081	100.0	GGGCGAAGAUAAUGUUAGUAGAGUAUAUGUGCAGACAGAGGAGAUGCACAAUGACUCUACUAAACCUGGCGGCAGCGCAAAAGAUGCGUAAA	..((..((......((((((((((...((((((...........))))))...))))))))))..)).)).....((((.....))))....	9	20	0.45	2	2
S1B_61	-25.0	-12.3	-69.281	100.0	GGGUAUGAAUUUGAAUCUGCUGUUAUGUAUCUGGACAGAGGAGACAGAUAAUGAACAGCAGAAACCUGGCGGCAGCGCAAAAGAUGCGUAAA	...............(((((((((...((((((...........))))))...)))))))))..((....))...((((.....))))....	6	15	0.4	1	1
S1B_62	-26.1	-14.2	-71.98100000000001	100.0	GGGUAGAAAUUGAAGGCUUGUCGUAUGUGUAUGGACAGAGGAGACAUACAAUGACGACAAGCAACCUGGCGGCAGCGCAAAAGAUGCGUAAA	...............(((((((((...((((((...........))))))...)))))))))..((....))...((((.....))))....	7	15	0.4666666666666667	2	2
S1B_65	-27.4	-15.5	-77.281	100.0	GGGACCUGUAUUCUGCGCUUCGUUAUGUUCUAGGACAGAGGAGACUAGAAAUGAACGAAGCGAACCUGGCGGCAGCGCAAAAGAUGCGUAAA	.....((((......(((((((((...((((((...........))))))...)))))))))......))))...((((.....))))....	9	19	0.47368421052631576	3	1
S1B_66	-29.2	-22.9	-81.181	100.0	GGGAAUGGAAAUGGUCGUCUGUGUAUAGUGUCAGACAGAGGAGAUGACACAUGACACAGACGAACCUGGCGGCAGCGCAAAAGAUGCGUAAA	....((....))((((((((((((...((((((...........))))))...))))))))).))).........((((.....))))....	0	2	0.0	0	0
S1B_67	-22.3	-19.0	-79.98100000000001	100.0	GGGAUGAAAUGAAUGACGAAUUGGAUGUAUGUGAACAGAGGAGACACAUAAUGCCAAUUCGUAACCUGGCGGCAGCGCAAAAGAUGCGUAAA	...............(((((((((...((((((...........))))))...)))))))))..((....))...((((.....))))....	6	15	0.4	1	1
S1B_69	-23.2	-20.7	-74.081	100.0	GGGAUUGAUUUGUAUUCGUGUUAUGUGUCGUUGGACAGAGGAGACAACGAAUGAUAACACGAAACCUGGCGGCAGCGCAAAAGAUGCGUAAA	..............((((((((((...((((((...........))))))...))))))))))..(((....)))((((.....))))....	6	16	0.375	3	1
S1B_71	-23.9	-18.1	-79.98100000000001	100.0	GGGAGUAUGAAUGAGAGUAUGUGGAUGUAGUGAAACAGAGGAGAUCACUAAUGCCACAUACUAACCUGGCGGCAGCGCAAAAGAUGCGUAAA	....((.........(((((((((...((((((...........))))))...))))))))).........))..((((.....))))....	7	17	0.4117647058823529	1	2
S1B_73	-24.1	-17.1	-70.781	100.0	GGGAGUAAAUGUGAUAUGUUUCCGAUGCUAUUGGACAGAGGAGACAAUAGAUGCGGAAACAUAACCUGGCGGCAGCGCAAAAGAUGCGUAAA	....((...((.(.((((((((((...((((((...........))))))...)))))))))).).))...))..((((.....))))....	9	21	0.42857142857142855	1	2
S1B_74	-22.3	-17.7	-76.781	100.0	GGGAAUUUGGAUGAUGAGUGUAUAGUGGAUUAGGACAGAGGAGACUAAUCAUGUAUACACUCAACCUGGCGGCAGCGCAAAAGAUGCGUAAA	..............((((((((((...((((((...........))))))...))))))))))..(((....)))((((.....))))....	5	16	0.3125	2	2
S1B_75	-25.2	-19.8	-79.081	100.0	GGGUGAUGAUAUUGACGGGUUAGUAUGUGUAGAAACAGAGGAGAUCUACAAUGACUAACCCGAACCUGGCGGCAGCGCAAAAGAUGCGUAAA	...............(((((((((...((((((...........))))))...)))))))))..((....))...((((.....))))....	7	15	0.4666666666666667	4	1
S1B_76	-25.1	-18.4	-75.98100000000001	100.0	GGGAGUAAAGUAAGUGAUAGUAAGAUGUUGCGAAACAGAGGAGAUCGCAAAUGCUUACUAUCAACCUGGCGGCAGCGCAAAAGAUGCGUAAA	....((..((....((((((((((...((((((...........))))))...))))))))))..)).)).....((((.....))))....	8	20	0.4	2	1
S1B_77	-25.7	-19.1	-82.381	100.0	GGGUGAUGUGUAAUGAGGUAGUGCGUGUUCUAGGACAGAGGAGACUAGAAAUGGCACUACCUAACCUGGCGGCAGCGCAAAAGAUGCGUAAA	...((.(((......(((((((((...((((((...........))))))...)))))))))......))).)).((((.....))))....	9	20	0.45	2	2
S1B_78	-25.0	-13.9	-69.281	100.0	GGGAUAUGUAAUUGUAGUCUUGUUAUGUUGCUGAACAGAGGAGACAGCAAAUGAACAAGACUAACCUGGCGGCAGCGCAAAAGAUGCGUAAA	......(((..(..((((((((((...((((((...........))))))...))))))))))....)...))).((((.....))))....	7	20	0.35	2	0
S1B_79	-25.4	-14.0	-72.781	100.0	GGGAUGUAUGAUGAAUCGCGAUGAAUAGUGUAGAACAGAGGAGACUACACAUGUCAUCGCGAAACCUGGCGGCAGCGCAAAAGAUGCGUAAA	...............(((((((((...((((((...........))))))...)))))))))..((....))...((((.....))))....	8	15	0.5333333333333333	3	3
S1B_80	-21.4	-16.3	-73.381	100.0	GGGUGAAUUUGAUUGACUAGAAUGAUGAUACGAAACAGAGGAGAUCGUAUAUGCAUUCUAGUAACCUGGCGGCAGCGCAAAAGAUGCGUAAA	...............(((((((((...((((((...........))))))...)))))))))..((....))...((((.....))))....	5	15	0.3333333333333333	0	1
S1B_81	-27.0	-12.7	-76.781	100.0	GGGAUAAGAUAAAGUGCCGUGAUGAUGUAGUUGAACAGAGGAGACAACUAAUGCAUCACGGCAACCUGGCGGCAGCGCAAAAGAUGCGUAAA	..............((((((((((...((((((...........))))))...))))))))))..(((....)))((((.....))))....	8	16	0.5	4	1
S1B_82	-29.5	-18.7	-85.581	100.0	GGGAUCAAUGUAUAGGCGUAGUGCAAGGUUCUGGACAGAGGAGACAGAACAUGGCACUACGCAACCUGGCGGCAGCGCAAAAGAUGCGUAAA	...............(((((((((...((((((...........))))))...)))))))))..((....))...((((.....))))....	9	15	0.6	2	3
S1B_83	-23.2	-18.0	-73.181	100.0	GGGAUCUAAAUGUUCGCUAAUAGUAUGUUCGUGAACAGAGGAGACACGAAAUGACUAUUAGCAACCUGGCGGCAGCGCAAAAGAUGCGUAAA	...............(((((((((...((((((...........))))))...)))))))))..((....))...((((.....))))....	6	15	0.4	2	1
S1B_84	-29.7	-15.1	-78.881	100.0	GGGUAUAGAAAUUGAGAUCGCGGUAUAGGUUCGGACAGAGGAGACGAACCAUGACCGCGAUCAACCUGGCGGCAGCGCAAAAGAUGCGUAAA	...............(((((((((...((((((...........))))))...)))))))))..((....))...((((.....))))....	10	15	0.6666666666666666	3	4
S1B_85	-20.7	-19.2	-73.281	100.0	GGGAGUGUAUGAAAUGAUGAAAGUGUGAUUGUAGACAGAGGAGAUACAAUAUGACUUUCAUCAACCUGGCGGCAGCGCAAAAGAUGCGUAAA	..............((((((((((...((((((...........))))))...))))))))))..(((....)))((((.....))))....	4	16	0.25	2	1
S1B_86	-24.7	-18.4	-80.781	100.0	GGGAGUAAAGAUAUGGAAGUGCAGAUGUAUGUAGACAGAGGAGAUACAUAAUGCUGCACUUCAACCUGGCGGCAGCGCAAAAGAUGCGUAAA	....((..((.....(((((((((...((((((...........))))))...)))))))))...)).)).....((((.....))))....	8	19	0.42105263157894735	2	1
S1B_87	-24.1	-20.9	-81.881	100.0	GGGAAUGGAAUGAUGGAAUGGGUAAUGGUUAGAAACAGAGGAGAUCUAACAUGUACCCAUUCAACCUGGCGGCAGCGCAAAAGAUGCGUAAA	...............(((((((((...((((((...........))))))...)))))))))..((....))...((((.....))))....	6	15	0.4	1	3
S1B_89	-25.1	-12.2	-73.881	100.0	GGGUAAGAUGAGAUGGCGAGUGUGAUGAUUGUAAACAGAGGAGAUACAAUAUGCACACUCGCAACCUGGCGGCAGCGCAAAAGAUGCGUAAA	...............(((((((((...((((((...........))))))...)))))))))..((....))...((((.....))))....	7	15	0.4666666666666667	2	1
S1B_90	-22.8	-19.5	-71.381	100.0	GGGAUGAAUUUGAUAGAUUUGAGUAAGUGUUAGGACAGAGGAGACUAACAAUGACUCAAAUCAACCUGGCGGCAGCGCAAAAGAUGCGUAAA	...............(((((((((...((((((...........))))))...)))))))))..((....))...((((.....))))....	5	15	0.3333333333333333	2	2
S1B_91	-25.6	-15.5	-77.381	100.0	GGGAUGUAAAGUAUGUCGUUUCGGAUGGUUAUGGACAGAGGAGACAUAACAUGCCGAAACGAAACCUGGCGGCAGCGCAAAAGAUGCGUAAA	..(.(((..((....(((((((((...((((((...........))))))...)))))))))...)).))).)..((((.....))))....	10	21	0.47619047619047616	1	2
S1B_92	-22.4	-14.0	-69.681	100.0	GGGCGAUAUACUUAAGAUUUGGCUAUGAUGUUAAACAGAGGAGAUAACAUAUGAGCCAAAUCAACCUGGCGGCAGCGCAAAAGAUGCGUAAA	...............(((((((((...((((((...........))))))...)))))))))..((....))...((((.....))))....	5	15	0.3333333333333333	2	2
S1B_93	-21.7	-18.9	-74.681	100.0	GGGUAAGAUUUGUAAGAUUGGAAUAUGUAUGUGAACAGAGGAGACACAUAAUGAUUCCAAUCAACCUGGCGGCAGCGCAAAAGAUGCGUAAA	...............(((((((((...((((((...........))))))...)))))))))..((....))...((((.....))))....	5	15	0.3333333333333333	1	2
S1B_94	-24.6	-19.5	-86.381	100.0	GGGAAUUGGAAUGAGACGGUAUGGAGGCUUUAGGACAGAGGAGACUAAAGAUGCCAUACCGUAACCUGGCGGCAGCGCAAAAGAUGCGUAAA	...............(((((((((...((((((...........))))))...)))))))))..((....))...((((.....))))....	7	15	0.4666666666666667	2	2
S1B_95	-23.4	-16.8	-65.181	100.0	GGGCAAAUUCAAUGUCUUAUGUUUAUGGUUCUAAACAGAGGAGAUAGAACAUGAAACAUAAGAACCUGGCGGCAGCGCAAAAGAUGCGUAAA	..((....(((...((((((((((...((((((...........))))))...))))))))))...)))..))..((((.....))))....	7	21	0.3333333333333333	1	2
S1B_96	-26.9	-15.7	-70.381	100.0	GGGAGUAUAUGAAAUUCUGUAGUUAUGUGUCCGGACAGAGGAGACGGACAAUGAACUACAGAAACCUGGCGGCAGCGCAAAAGAUGCGUAAA	..............((((((((((...((((((...........))))))...))))))))))..(((....)))((((.....))))....	7	16	0.4375	2	0
S1B_97	-25.2	-14.1	-66.281	100.0	GGGCGUUAUGUAUUGUCUAUUGUUAUGUCGUUGGACAGAGGAGACAACGAAUGAACAAUAGAAACCUGGCGGCAGCGCAAAAGAUGCGUAAA	..(((((.(((....(((((((((...((((((...........))))))...)))))))))......)))..)))))..............	9	23	0.391304347826087	2	0
S1B_98	-20.7	-17.3	-68.48100000000001	100.0	GGGAGUAAUUGAUGAAGAUUUGAUAUGUUAGUGGACAGAGGAGACACUAAAUGAUCAAAUCUAACCUGGCGGCAGCGCAAAAGAUGCGUAAA	...............(((((((((...((((((...........))))))...)))))))))..((....))...((((.....))))....	4	15	0.26666666666666666	0	0
S1B_99	-25.0	-20.0	-79.581	100.0	GGGAUAAGAUGAAAUGAGUGUAAGAUGUGAUAGGACAGAGGAGACUAUCAAUGCUUACACUCAACCUGGCGGCAGCGCAAAAGAUGCGUAAA	..............((((((((((...((((((...........))))))...))))))))))..(((....)))((((.....))))....	6	16	0.375	3	1
S1B_100	-27.1	-15.1	-74.581	100.0	GGGCGAAGUAUUGUAAGGUGUAGUGUGCGUUGAGACAGAGGAGAUCAACGAUGACUACACCUAACCUGGCGGCAGCGCAAAAGAUGCGUAAA	..((...((...((.(((((((((...((((((...........))))))...))))))))).))...)).))..((((.....))))....	11	21	0.5238095238095238	2	3
S1B_102	-30.2	-18.4	-85.181	100.0	GGGCGAUGGUAUUUGGCGUGCUAUAUGUGUCUGGACAGAGGAGACAGACAAUGAUAGCACGCAACCUGGCGGCAGCGCAAAAGAUGCGUAAA	..((...(((.....(((((((((...((((((...........))))))...))))))))).)))..)).....((((.....))))....	12	20	0.6	3	2
S1B_103	-25.3	-16.9	-76.381	100.0	GGGUAAGAAUUGAAUGAAUGGUGCGUGCUAUUGGACAGAGGAGACAAUAGAUGGCACCAUUCAACCUGGCGGCAGCGCAAAAGAUGCGUAAA	..............((((((((((...((((((...........))))))...))))))))))..(((....)))((((.....))))....	7	16	0.4375	1	4
S1B_104	-25.1	-17.9	-73.48100000000001	100.0	GGGCAUUCUAUUCUACCGUAUUCUAUGUGCUUGAACAGAGGAGACAAGCAAUGAGAAUACGGAACCUGGCGGCAGCGCAAAAGAUGCGUAAA	..((..((.......(((((((((...((((((...........))))))...))))))))).....))..))..((((.....))))....	10	19	0.5263157894736842	4	1
S1B_105	-25.6	-17.6	-72.581	100.0	GGGUACUAUGAUUUACGCUUGUCUAUGUUGAUGGACAGAGGAGACAUCAAAUGAGACAAGCGAACCUGGCGGCAGCGCAAAAGAUGCGUAAA	...............(((((((((...((((((...........))))))...)))))))))..((....))...((((.....))))....	7	15	0.4666666666666667	3	2
S1B_106	-24.2	-20.1	-82.581	100.0	GGGAAUUGGAUGAAGACGGGAAUGAAGACUAUGAACAGAGGAGACAUAGUAUGCAUUCCCGUAACCUGGCGGCAGCGCAAAAGAUGCGUAAA	...............(((((((((...((((((...........))))))...)))))))))..((....))...((((.....))))....	7	15	0.4666666666666667	3	1
S1B_107	-21.0	-15.0	-69.98100000000001	100.0	GGGUAAGAAUGAAUAGAAAUGAUAAUGAUGUAGGACAGAGGAGACUACAUAUGUAUCAUUUCAACCUGGCGGCAGCGCAAAAGAUGCGUAAA	...............(((((((((...((((((...........))))))...)))))))))..((....))...((((.....))))....	4	15	0.26666666666666666	2	1
S1B_108	-25.1	-12.6	-68.081	100.0	GGGUCAAUCUAUUUCGCUUUGUCUAUAUGUUCGGACAGAGGAGACGAACAAUGAGACAAAGCAACCUGGCGGCAGCGCAAAAGAUGCGUAAA	...............(((((((((...((((((...........))))))...)))))))))..((....))...((((.....))))....	7	15	0.4666666666666667	2	2
S1B_109	-26.4	-16.5	-69.881	100.0	GGGUAAUGGUGAAAUCGUGUAUGUAUGUGUAUGAACAGAGGAGACAUACAAUGACAUACACGAACCUGGCGGCAGCGCAAAAGAUGCGUAAA	..((...(((....((((((((((...((((((...........))))))...)))))))))))))..)).....((((.....))))....	9	21	0.42857142857142855	3	1
S1B_110	-24.7	-17.8	-84.581	100.0	GGGAUGAUAAUGUAGAGGUGCGGAGUGAUUGUAAACAGAGGAGAUACAAUAUGUCCGCACCUAACCUGGCGGCAGCGCAAAAGAUGCGUAAA	...............(((((((((...((((((...........))))))...)))))))))..((....))...((((.....))))....	7	15	0.4666666666666667	1	3
S1B_111	-22.8	-22.1	-80.781	100.0	GGGAUGGAUGGAUAAGAGUAAAGUAUGUAUGUGGACAGAGGAGACACAUAAUGACUUUACUCAACCUGGCGGCAGCGCAAAAGAUGCGUAAA	...............(((((((((...((((((...........))))))...)))))))))..((....))...((((.....))))....	5	15	0.3333333333333333	2	1
S1B_113	-25.0	-18.4	-79.181	100.0	GGGAUAGAUGAAUGAGAUGCUUGAAUGAUGUAGGACAGAGGAGACUACAUAUGUCAAGCAUCAACCUGGCGGCAGCGCAAAAGAUGCGUAAA	...............(((((((((...((((((...........))))))...)))))))))..((....))...((((.....))))....	6	15	0.4	3	2
S1B_114	-28.5	-16.8	-72.681	100.0	GGGCCUAAAUCUUGUUAUGUUCGUAUGUGUCUGGACAGAGGAGACAGACAAUGACGAACAUAAACCUGGCGGCAGCGCAAAAGAUGCGUAAA	..(((.........((((((((((...((((((...........))))))...))))))))))....))).....((((.....))))....	9	19	0.47368421052631576	2	1
S1B_115	-22.2	-17.5	-71.98100000000001	100.0	GGGCGAUGAUUCUUGAGGUAUUGUAUAGUAGUGAACAGAGGAGACACUACAUGACAAUACCUAACCUGGCGGCAGCGCAAAAGAUGCGUAAA	..(((.((..((...(((((((((...((((((...........))))))...))))))))).....))...)).)))..............	11	22	0.5	1	2
S1B_116	-25.0	-19.6	-74.98100000000001	100.0	GGGUAAGUAAAUGAAAGUGUAUGUAUGUUGCUGGACAGAGGAGACAGCAAAUGACAUACACUAACCUGGCGGCAGCGCAAAAGAUGCGUAAA	..((..((.......(((((((((...((((((...........))))))...)))))))))......)).))..((((.....))))....	8	19	0.42105263157894735	2	1
S1B_118	-29.0	-20.3	-80.181	100.0	GGGUAAUGGAUUUGUCGUCGUGUUAUGGUCUUGGACAGAGGAGACAAGACAUGAACACGACGAACCUGGCGGCAGCGCAAAAGAUGCGUAAA	..((..(((.....((((((((((...((((((...........))))))...))))))))))..)))...))..((((.....))))....	11	21	0.5238095238095238	3	2
S1B_119	-27.6	-17.9	-84.48100000000001	100.0	GGGUAAGAAUGAUAAAGUGGCAGUAAGGUUUCGGACAGAGGAGACGAAACAUGACUGCCACUAACCUGGCGGCAGCGCAAAAGAUGCGUAAA	...............(((((((((...((((((...........))))))...)))))))))..((....))...((((.....))))....	8	15	0.5333333333333333	1	4
S1B_120	-25.3	-20.5	-80.281	100.0	GGGCGACGCACCUAGAACUUGAAUAUGUUACCGAACAGAGGAGACGGUAAAUGAUUCAAGUUAACCUGGCGGCAGCGCAAAAGAUGCGUAAA	..((..(((......(((((((((...((((((...........))))))...)))))))))......)))...))(((.....))).....	10	20	0.5	1	1
S1B_122	-21.2	-17.9	-73.881	100.0	GGGAAUGAUUUGAAACGAUGAACUACCUACUUGAACAGAGGAGACAAGUAAUGAGUUCAUCGAACCUGGCGGCAGCGCAAAAGAUGCGUAAA	...............(((((((((...((((((...........))))))...)))))))))..((....))...((((.....))))....	6	15	0.4	2	2
S1B_123	-20.5	-18.8	-76.781	100.0	GGGUAAAGUAAUGAAAGUAAGAUGAAGGUUAUGAACAGAGGAGACAUAACAUGCAUCUUACUAACCUGGCGGCAGCGCAAAAGAUGCGUAAA	...............(((((((((...((((((...........))))))...)))))))))..((....))...((((.....))))....	5	15	0.3333333333333333	0	2
S1B_125	-25.1	-15.0	-78.881	100.0	GGGAUGAAUACUUGAAAUGGUGCGAUGAUGUGAAACAGAGGAGAUCACAUAUGCGCACCAUUAACCUGGCGGCAGCGCAAAAGAUGCGUAAA	...............(((((((((...((((((...........))))))...)))))))))..((....))...((((.....))))....	7	15	0.4666666666666667	2	2
S1B_126	-22.6	-14.9	-65.681	100.0	GGGAUAUGAUGAUUAGAUUAAGGUAUAGUUUCGGACAGAGGAGACGAAACAUGACCUUAAUCAACCUGGCGGCAGCGCAAAAGAUGCGUAAA	...............(((((((((...((((((...........))))))...)))))))))..((....))...((((.....))))....	6	15	0.4	1	2
S1B_127	-25.0	-15.6	-79.581	100.0	GGGAUAAGAUGAUGUGAAAUGCGAAUGUUAGUGGACAGAGGAGACACUAAAUGUCGCAUUUCAACCUGGCGGCAGCGCAAAAGAUGCGUAAA	..............((((((((((...((((((...........))))))...))))))))))..(((....)))((((.....))))....	6	16	0.375	1	2
S1B_128	-24.2	-14.7	-68.781	100.0	GGGUAAAGUAAAUGAAGUAAUAGAAUGUUGCCGGACAGAGGAGACGGCAAAUGUCUAUUACUAACCUGGCGGCAGCGCAAAAGAUGCGUAAA	...............(((((((((...((((((...........))))))...)))))))))..((....))...((((.....))))....	6	15	0.4	1	1
S1B_129	-23.3	-14.5	-73.381	100.0	GGGUGAUAAUGAUGACGGUAAUAGAUAGUGUAGGACAGAGGAGACUACACAUGCUAUUACCGAACCUGGCGGCAGCGCAAAAGAUGCGUAAA	...............(((((((((...((((((...........))))))...)))))))))..((....))...((((.....))))....	7	15	0.4666666666666667	3	1
S1B_130	-27.9	-16.7	-78.48100000000001	100.0	GGGAAUAAGUAUAGUGCGAAUGAUAUGUUGCGAGACAGAGGAGAUCGCAAAUGAUCAUUCGCAACCUGGCGGCAGCGCAAAAGAUGCGUAAA	........((....((((((((((...((((((...........))))))...)))))))))).....)).....((((.....))))....	8	18	0.4444444444444444	3	0
S1B_131	-26.7	-13.5	-68.281	100.0	GGGUAAGUAAAUGAUCGUGAUGUUAUGUGUAUGGACAGAGGAGACAUACAAUGAACAUCACGAACCUGGCGGCAGCGCAAAAGAUGCGUAAA	..((..((..(.(.((((((((((...((((((...........))))))...)))))))))).).).)).))..((((.....))))....	9	22	0.4090909090909091	3	0
S1B_132	-26.2	-14.6	-74.281	100.0	GGGAGUAAAGAUGAGGCUGUGAUUAUGAUUGCGGACAGAGGAGACGCAAUAUGAAUCACAGCAACCUGGCGGCAGCGCAAAAGAUGCGUAAA	....((..((.....(((((((((...((((((...........))))))...)))))))))...)).)).....((((.....))))....	9	19	0.47368421052631576	2	1
S1B_133	-23.1	-17.4	-73.381	100.0	GGGUAGAUUAAGAACGAUGAAGAUAUGAUAGUGGACAGAGGAGACACUAUAUGAUCUUCAUCAACCUGGCGGCAGCGCAAAAGAUGCGUAAA	...............(((((((((...((((((...........))))))...)))))))))..((....))...((((.....))))....	5	15	0.3333333333333333	2	0
S1B_135	-24.8	-13.2	-71.181	100.0	GGGUGAUAAAGAUAGAGUUAGUGUAUGCGUUCGGACAGAGGAGACGAACGAUGACACUAACUAACCUGGCGGCAGCGCAAAAGAUGCGUAAA	...............(((((((((...((((((...........))))))...)))))))))..((....))...((((.....))))....	7	15	0.4666666666666667	1	3
S1B_136	-24.1	-18.9	-74.781	100.0	GGGAAUACUUAUACUCCGAUGAUUGUGACUUGAGACAGAGGAGAUCAAGUAUGAAUCAUCGGAACCUGGCGGCAGCGCAAAAGAUGCGUAAA	..............((((((((((...((((((...........))))))...))))))))))..(((....)))((((.....))))....	6	16	0.375	3	1
S1B_137	-24.7	-17.4	-76.48100000000001	100.0	GGGUGAAUGAUAAUGGAUGGUGAGAUGAUUGUAGACAGAGGAGAUACAAUAUGCUCACCAUCAACCUGGCGGCAGCGCAAAAGAUGCGUAAA	...((..((......(((((((((...((((((...........))))))...))))))))).......)).)).((((.....))))....	8	19	0.42105263157894735	2	1
S1B_138	-27.9	-18.8	-84.98100000000001	100.0	GGGUAAAUGGAAUGAGAUGGUGCGAAGGUAUGAGACAGAGGAGAUCAUACAUGCGCACCAUCAACCUGGCGGCAGCGCAAAAGAUGCGUAAA	...............(((((((((...((((((...........))))))...)))))))))..((....))...((((.....))))....	8	15	0.5333333333333333	2	3
S1B_139	-25.8	-16.0	-74.781	100.0	GGGUAGAUGGAUGAUAGGUGAGAUAUGGUUAAGGACAGAGGAGACUUAACAUGAUCUCACCUAACCUGGCGGCAGCGCAAAAGAUGCGUAAA	..((.(..((....((((((((((...((((((...........))))))...)))))))))).))...).))..((((.....))))....	10	21	0.47619047619047616	1	2
S1B_140	-26.8	-19.1	-85.181	100.0	GGGAGUAAAUGAUGAGAUGGAUGGAUGUGAGUAGACAGAGGAGAUACUCAAUGCCAUCCAUCAACCUGGCGGCAGCGCAAAAGAUGCGUAAA	...............(((((((((...((((((...........))))))...)))))))))..((....))...((((.....))))....	7	15	0.4666666666666667	3	2
S1B_141	-27.4	-20.6	-83.081	100.0	GGGAAUAAGAAUAAGGCGAGAAUGAAGGUACGGAACAGAGGAGACCGUACAUGCAUUCUCGCAACCUGGCGGCAGCGCAAAAGAUGCGUAAA	...............(((((((((...((((((...........))))))...)))))))))..((....))...((((.....))))....	9	15	0.6	2	2
S1B_142	-22.3	-14.6	-69.98100000000001	100.0	GGGUAAGAAUUGAUAUAGAUGACGAUGGUAUUGAACAGAGGAGACAAUACAUGCGUCAUCUAAACCUGGCGGCAGCGCAAAAGAUGCGUAAA	...............(((((((((...((((((...........))))))...)))))))))..((....))...((((.....))))....	6	15	0.4	1	3
S1B_143	-22.0	-19.3	-77.281	100.0	GGGAGUAAAUGAAUGCGAGAAUAGAGGCUUGUAAACAGAGGAGAUACAAGAUGCUAUUCUCGAACCUGGCGGCAGCGCAAAAGAUGCGUAAA	....((.........(((((((((...((((((...........))))))...))))))))).........))..((((.....))))....	7	17	0.4117647058823529	2	1
S1B_144	-21.4	-19.7	-77.381	100.0	GGGCGAGAAUUGAUGCGUUGAUUUAGGGAUUUGGACAGAGGAGACAAAUCAUGAAAUCAACGAACCUGGCGGCAGCGCAAAAGAUGCGUAAA	..((.((........(((((((((...((((((...........))))))...)))))))))...)).)).....((((.....))))....	8	19	0.42105263157894735	1	2
S1B_146	-24.2	-17.3	-75.281	100.0	GGGAUUGAUUUACUGAGGUGAUUGAUGUCUAUGGACAGAGGAGACAUAGAAUGCAAUCACCUAACCUGGCGGCAGCGCAAAAGAUGCGUAAA	...............(((((((((...((((((...........))))))...)))))))))..((....))...((((.....))))....	6	15	0.4	2	1
S1B_147	-26.3	-21.5	-83.581	100.0	GGGCGAAAUGAAAUGAGUGAGUGGAUGGUAUGAGACAGAGGAGAUCAUACAUGCCACUCACUAACCUGGCGGCAGCGCAAAAGAUGCGUAAA	...............(((((((((...((((((...........))))))...)))))))))..((....))...((((.....))))....	7	15	0.4666666666666667	1	3
S1B_148	-24.5	-17.1	-78.681	100.0	GGGAUACUUAUGAUGGAUGAUGGGAUGGAAUUGAACAGAGGAGACAAUUCAUGCCCAUCAUCAACCUGGCGGCAGCGCAAAAGAUGCGUAAA	...............(((((((((...((((((...........))))))...)))))))))..((....))...((((.....))))....	7	15	0.4666666666666667	2	2
S1B_149	-25.7	-21.7	-85.781	100.0	GGGUAAGAUGAUGAAGAUGGUAAGAUGGAGUGAAACAGAGGAGAUCACUCAUGCUUACCAUCAACCUGGCGGCAGCGCAAAAGAUGCGUAAA	...............(((((((((...((((((...........))))))...)))))))))..((....))...((((.....))))....	7	15	0.4666666666666667	3	2
S1B_150	-26.0	-17.1	-75.181	100.0	GGGAAUUUGAAUUUGGCUGUUAGUAUGAUGUCGGACAGAGGAGACGACAUAUGACUAACAGCAACCUGGCGGCAGCGCAAAAGAUGCGUAAA	...............(((((((((...((((((...........))))))...)))))))))..((....))...((((.....))))....	7	15	0.4666666666666667	3	1
S1B_152	-22.1	-14.6	-67.48100000000001	100.0	GGGUAAAGAUAAUGUGAAUAAGUAAUAGUGAUGGACAGAGGAGACAUCACAUGUACUUAUUCAACCUGGCGGCAGCGCAAAAGAUGCGUAAA	..............((((((((((...((((((...........))))))...))))))))))..(((....)))((((.....))))....	5	16	0.3125	2	1
S1B_153	-26.3	-14.3	-73.381	100.0	GGGCGAAUCUAUAUGCGUAGUACUAUGGCCUUGAACAGAGGAGACAAGGCAUGAGUACUACGAACCUGGCGGCAGCGCAAAAGAUGCGUAAA	..((...((......(((((((((...((((((...........))))))...))))))))).....))..))..((((.....))))....	11	19	0.5789473684210527	3	3
S1B_154	-28.9	-22.6	-87.781	100.0	GGGAUAUUGAUUUGAGCGAAGUAGAUGUGCGGAAACAGAGGAGAUCCGCAAUGCUACUUCGCAACCUGGCGGCAGCGCAAAAGAUGCGUAAA	...............(((((((((...((((((...........))))))...)))))))))..((....))...((((.....))))....	9	15	0.6	4	1
S1B_155	-22.4	-17.1	-75.881	100.0	GGGCGAAGAUUGAAGUAGGUAUGGAUGAUGUAAGACAGAGGAGAUUACAUAUGCCAUACCUAAACCUGGCGGCAGCGCAAAAGAUGCGUAAA	...............(((((((((...((((((...........))))))...)))))))))..((....))...((((.....))))....	5	15	0.3333333333333333	3	1
S1B_156	-26.0	-19.2	-81.281	100.0	GGGCGAAAGUAUAUGCGGUAGAUGAUGCGUUAGGACAGAGGAGACUAACGAUGCAUCUACCGAACCUGGCGGCAGCGCAAAAGAUGCGUAAA	...((..((......(((((((((...((((((...........))))))...)))))))))...))..))....((((.....))))....	11	19	0.5789473684210527	3	2
S1B_157	-25.0	-19.7	-83.781	100.0	GGGAUGGAAUUUGAGACUGAUUGAACGGGCUUAGACAGAGGAGAUAAGCCAUGUCAAUCAGUAACCUGGCGGCAGCGCAAAAGAUGCGUAAA	...............(((((((((...((((((...........))))))...)))))))))..((....))...((((.....))))....	6	15	0.4	3	2
S1B_158	-23.1	-14.2	-68.081	100.0	GGGUGAUAAUGAAUAGAUGAAUGAAAGUUGUAGGACAGAGGAGACUACAAAUGUCAUUCAUCAACCUGGCGGCAGCGCAAAAGAUGCGUAAA	...............(((((((((...((((((...........))))))...)))))))))..((....))...((((.....))))....	5	15	0.3333333333333333	3	1
S1B_160	-25.5	-13.2	-78.381	100.0	GGGUAAGAUAUGAUAGAAAUGCGGAAGUCGUUAGACAGAGGAGAUAACGAAUGCCGCAUUUCAACCUGGCGGCAGCGCAAAAGAUGCGUAAA	...............(((((((((...((((((...........))))))...)))))))))..((....))...((((.....))))....	7	15	0.4666666666666667	3	2
S1B_161	-27.2	-17.7	-77.98100000000001	100.0	GGGAUUGGAAUUGAUGAGGUGGAUAUGGUAAUGGACAGAGGAGACAUUACAUGAUCCACCUCAACCUGGCGGCAGCGCAAAAGAUGCGUAAA	..............((((((((((...((((((...........))))))...))))))))))..(((....)))((((.....))))....	7	16	0.4375	3	2
S1B_162	-25.8	-15.8	-72.081	100.0	GGGAGUUUGAAUUGUCUGAUGAUUAUGUGCUUGGACAGAGGAGACAAGCAAUGAAUCAUCAGAACCUGGCGGCAGCGCAAAAGAUGCGUAAA	....(((.......((((((((((...((((((...........))))))...))))))))))....))).....((((.....))))....	7	19	0.3684210526315789	4	1
S1B_163	-25.9	-16.5	-74.281	100.0	GGGCGAAAUCUUGAGCGCUAGUGUAUAUGUUCGGACAGAGGAGACGAACAAUGACACUAGCGAACCUGGCGGCAGCGCAAAAGAUGCGUAAA	..((....((.....(((((((((...((((((...........))))))...))))))))).....))..))..((((.....))))....	11	19	0.5789473684210527	3	2
S1B_164	-26.4	-18.4	-83.281	100.0	GGGAUAAGAUGAGAUAAUGAGAUGAAGUUGGCGGACAGAGGAGACGCCAAAUGCAUCUCAUUAACCUGGCGGCAGCGCAAAAGAUGCGUAAA	..............((((((((((...((((((...........))))))...))))))))))..(((....)))((((.....))))....	7	16	0.4375	2	1
S1B_165	-24.8	-16.1	-73.98100000000001	100.0	GGGAUCGAUGUAUGUAGUUAUUGUAUGUCCGUGAACAGAGGAGACACGGAAUGACAAUAACUAACCUGGCGGCAGCGCAAAAGAUGCGUAAA	......(.(((...((((((((((...((((((...........))))))...)))))))))).....))).)..((((.....))))....	8	20	0.4	2	1
S1B_166	-24.4	-19.9	-80.081	100.0	GGGAAUGGAAUGAGACGUGAGAUAAUGUAGUGAGACAGAGGAGAUCACUAAUGUAUCUCACGAACCUGGCGGCAGCGCAAAAGAUGCGUAAA	...............(((((((((...((((((...........))))))...)))))))))..((....))...((((.....))))....	6	15	0.4	3	1
S1B_167	-26.3	-18.6	-86.081	100.0	GGGUGAUUUGAUUGUAGGUGGCUGGUCGUGUAAGACAGAGGAGAUUACACAUGCAGCCACCUAACCUGGCGGCAGCGCAAAAGAUGCGUAAA	..............((((((((((...((((((...........))))))...))))))))))..(((....)))((((.....))))....	8	16	0.5	2	3
S1B_168	-24.1	-19.1	-76.98100000000001	100.0	GGGAGUAAAUGAAUAAGGUGAUAGAUGUGUAUGGACAGAGGAGACAUACAAUGCUAUCACCUAACCUGGCGGCAGCGCAAAAGAUGCGUAAA	...............(((((((((...((((((...........))))))...)))))))))..((....))...((((.....))))....	6	15	0.4	2	1
S3A_1	-23.6	-11.6	-68.081	100.0	GGGUCUUAUCUUAUCUAUCUCGUUUAUCCCUGCAUACAGAAACAGAGGAGAUAUGCAAUGAUAAACGAGAACCUGGCGGCAGCGCAAAAGAUGCGUAAA	.................(((((((((((..((((((...............))))))..)))))))))))..(((....)))((((.....))))....	6	17	0.35294117647058826	5	0
S3A_2	-21.7	-16.1	-67.581	100.0	GGGAGUUUGAUUACAUUGUCGUUUAGUUUAGUGAUACAUAAACAGAGGAGAUAUCACAUGACUAAACGAAACCUGGCGGCAGCGCAAAAGAUGCGUAAA	..................((((((((((..((((((..(.........)..))))))..))))))))))..((....))...((((.....))))....	5	17	0.29411764705882354	2	2
S3A_3	-23.3	-19.2	-72.381	100.0	GGGAUCUAUUACUACUUACCAUUGUCUUGCUCUAUACAGAAACAGAGGAGAUAUAGAAUGAGACAAUGGAACCUGGCGGCAGCGCAAAAGAUGCGUAAA	..................(((((((((((.((((((...............)))))).)))))))))))..((....))...((((.....))))....	6	17	0.35294117647058826	2	2
S3A_4	-26.1	-16.2	-72.181	100.0	GGGCGAUUAUGGAUUAGAGCUCCGUUUACUGUCAUACAAGAACAGAGGAGAUAUGACAUGAAACGGAGCAACCUGGCGGCAGCGCAAAAGAUGCGUAAA	..................(((((((((..(((((((...............)))))))..)))))))))..((....))...((((.....))))....	7	16	0.4375	3	3
S3A_5	-24.7	-14.2	-70.381	100.0	GGGUAUGUAAUUGAUUUGGCUUCUGUUAGUUUCAUACAAGAACAGAGGAGAUAUGAAAUGAACAGAAGCAACCUGGCGGCAGCGCAAAAGAUGCGUAAA	.....(((..........(((((((((.((((((((...............)))))))).))))))))).........))).((((.....))))....	7	20	0.35	2	1
S3A_6	-27.1	-15.3	-74.781	100.0	GGGCUUAAUCUUACCUUCGCUUGUUCUGUUCCGAUACAGAAACAGAGGAGAUAUCGGAUGAGAACAAGCAACCUGGCGGCAGCGCAAAAGAUGCGUAAA	((...........))...(((((((((..(((((((...............)))))))..)))))))))..((....))...((((.....))))....	2	2	1.0	0	0
S3A_7	-24.2	-16.5	-69.381	100.0	GGGUCACUUAAUCAUUUGUCGUCGUUUCUAUCUAUACAAGAACAGAGGAGAUAUAGAAUGAAACGACGAAACCUGGCGGCAGCGCAAAAGAUGCGUAAA	..(((.((..........((((((((((..((((((...............))))))..)))))))))).....)).)))..((((.....))))....	9	21	0.42857142857142855	2	2
S3A_8	-26.1	-17.8	-82.381	100.0	GGGACCUCUACUUACUCUCACUCUUACUUCUGCAUAGUAGAACAGAGGAGAUAUGCAAUGGUAAGAGUGAACCUGGCGGCAGCGCAAAAGAUGCGUAAA	.................(((((((((((..((((((...............))))))..)))))))))))..(((....)))((((.....))))....	6	17	0.35294117647058826	4	1
S3A_9	-22.9	-15.0	-72.881	100.0	GGGCUUACUACUUUGACACCUGAUUCUGACACGAUAACAGAACAGAGGAGAUAUCGUAUGAGAAUCAGGAACCUGGCGGCAGCGCAAAAGAUGCGUAAA	..................(((((((((.(.((((((.(...........).)))))).).)))))))))..((....))...((((.....))))....	7	17	0.4117647058823529	4	1
S3A_10	-24.0	-17.2	-71.681	100.0	GGGAAUGGAAUGAAUGAACUGCUUGUCUUAUGUAUACAGAAACAGAGGAGAUAUACAAUGGACAAGCAGAACCUGGCGGCAGCGCAAAAGAUGCGUAAA	..................((((((((((..((((((...............))))))..))))))))))..((....))...((((.....))))....	6	16	0.375	4	0
S3A_11	-26.5	-20.9	-79.881	100.0	GGGCGAAUAGAAAUGAAGGCUAGUGUCGUUGUCAUACAGAAACAGAGGAGAUAUGACAUGGACACUAGCAACCUGGCGGCAGCGCAAAAGAUGCGUAAA	..((...(((........(((((((((..(((((((...............)))))))..)))))))))...)))...))..((((.....))))....	10	21	0.47619047619047616	2	2
S3A_12	-28.1	-19.6	-75.181	100.0	GGGCAAUUUCGUAUAUGUUCGUCUUUGCUGUUCAUACAAGAACAGAGGAGAUAUGAAAUGCAAAGACGAAACCUGGCGGCAGCGCAAAAGAUGCGUAAA	......(.((((.....(((((((((((..((((((...............))))))..))))))))))).....)))).).((((.....))))....	8	22	0.36363636363636365	2	1
S3A_13	-23.4	-21.2	-84.881	100.0	GGGAUGGAAUUGAGAUGGGCUUUCGCGAGAUUGAUACAGAAACAGAGGAGAUAUCAAAUGCGCGAAAGCAACCUGGCGGCAGCGCAAAAGAUGCGUAAA	..................(((((((((.(.((((((...............)))))).).)))))))))..((....))...((((.....))))....	8	16	0.5	2	2
